source_symbol,sec_type_used,conid,symbol,sec_type,exchange,description,company_name,sections_json
CSCI,FOP,721297997,CSCI,,,TSE,COSCIENS BIOPHARMA INC,"[{""secType"": ""STK""}]"
CSCI,FUT,721297997,CSCI,,,TSE,COSCIENS BIOPHARMA INC,"[{""secType"": ""STK""}]"
CSCI,IND,721297997,CSCI,,,TSE,COSCIENS BIOPHARMA INC,"[{""secType"": ""STK""}]"
CSCI,OPT,721297997,CSCI,,,TSE,COSCIENS BIOPHARMA INC,"[{""secType"": ""STK""}]"
CSJ,FOP,368285512,CSJ,,,FWB,CSL LIMITED,"[{""secType"": ""STK""}]"
CSJ,FUT,368285512,CSJ,,,FWB,CSL LIMITED,"[{""secType"": ""STK""}]"
CSJ,IND,368285512,CSJ,,,FWB,CSL LIMITED,"[{""secType"": ""STK""}]"
CSJ,OPT,368285512,CSJ,,,FWB,CSL LIMITED,"[{""secType"": ""STK""}]"
CSO,FOP,603517496,CSO,,,FWB2,CALNEX SOLUTIONS PLC,"[{""secType"": ""STK"", ""exchange"": ""FWB2;""}]"
CSO,FUT,603517496,CSO,,,FWB2,CALNEX SOLUTIONS PLC,"[{""secType"": ""STK"", ""exchange"": ""FWB2;""}]"
CSO,IND,603517496,CSO,,,FWB2,CALNEX SOLUTIONS PLC,"[{""secType"": ""STK"", ""exchange"": ""FWB2;""}]"
CSO,OPT,603517496,CSO,,,FWB2,CALNEX SOLUTIONS PLC,"[{""secType"": ""STK"", ""exchange"": ""FWB2;""}]"
CSS,FOP,475686918,CSS,,,VALUE,COINSHARES INTERNATIONAL LTD,"[{""secType"": ""STK"", ""exchange"": ""VALUE;""}, {""secType"": ""CFD"", ""exchange"": ""SMART"", ""conid"": ""757491014""}]"
CSS,FUT,475686918,CSS,,,VALUE,COINSHARES INTERNATIONAL LTD,"[{""secType"": ""STK"", ""exchange"": ""VALUE;""}, {""secType"": ""CFD"", ""exchange"": ""SMART"", ""conid"": ""757491014""}]"
CSS,IND,475686918,CSS,,,VALUE,COINSHARES INTERNATIONAL LTD,"[{""secType"": ""STK"", ""exchange"": ""VALUE;""}, {""secType"": ""CFD"", ""exchange"": ""SMART"", ""conid"": ""757491014""}]"
CSS,OPT,475686918,CSS,,,VALUE,COINSHARES INTERNATIONAL LTD,"[{""secType"": ""STK"", ""exchange"": ""VALUE;""}, {""secType"": ""CFD"", ""exchange"": ""SMART"", ""conid"": ""757491014""}]"
CSTA,FOP,443719177,CSTA,,,IBIS,AMUNDI EURSTX600 TECHNLG,"[{""secType"": ""STK""}]"
CSTA,FUT,443719177,CSTA,,,IBIS,AMUNDI EURSTX600 TECHNLG,"[{""secType"": ""STK""}]"
CSTA,IND,443719177,CSTA,,,IBIS,AMUNDI EURSTX600 TECHNLG,"[{""secType"": ""STK""}]"
CSTA,OPT,443719177,CSTA,,,IBIS,AMUNDI EURSTX600 TECHNLG,"[{""secType"": ""STK""}]"
CSTC,FOP,866508563,CSTC,,,IBIS2,COINSHARES TNCOIN STKD-CSPST,"[{""secType"": ""STK""}]"
CSTC,FUT,866508563,CSTC,,,IBIS2,COINSHARES TNCOIN STKD-CSPST,"[{""secType"": ""STK""}]"
CSTC,IND,866508563,CSTC,,,IBIS2,COINSHARES TNCOIN STKD-CSPST,"[{""secType"": ""STK""}]"
CSTC,OPT,866508563,CSTC,,,IBIS2,COINSHARES TNCOIN STKD-CSPST,"[{""secType"": ""STK""}]"
CST,FOP,127236934,CST,,,MEXI,CST BRANDS INC,"[{""secType"": ""STK"", ""exchange"": ""MEXI;""}]"
CST,FOP,125571497,CST,,,VALUE,CST BRANDS INC,"[{""secType"": ""STK"", ""exchange"": ""VALUE;""}]"
CST,FOP,402321355,CST,,,ASX,CASTILE RESOURCES LTD,"[{""secType"": ""STK""}]"
CST,FUT,127236934,CST,,,MEXI,CST BRANDS INC,"[{""secType"": ""STK"", ""exchange"": ""MEXI;""}]"
CST,FUT,125571497,CST,,,VALUE,CST BRANDS INC,"[{""secType"": ""STK"", ""exchange"": ""VALUE;""}]"
CST,FUT,402321355,CST,,,ASX,CASTILE RESOURCES LTD,"[{""secType"": ""STK""}]"
CST,IND,127236934,CST,,,MEXI,CST BRANDS INC,"[{""secType"": ""STK"", ""exchange"": ""MEXI;""}]"
CST,IND,125571497,CST,,,VALUE,CST BRANDS INC,"[{""secType"": ""STK"", ""exchange"": ""VALUE;""}]"
CST,IND,402321355,CST,,,ASX,CASTILE RESOURCES LTD,"[{""secType"": ""STK""}]"
CST,OPT,127236934,CST,,,MEXI,CST BRANDS INC,"[{""secType"": ""STK"", ""exchange"": ""MEXI;""}]"
CST,OPT,125571497,CST,,,VALUE,CST BRANDS INC,"[{""secType"": ""STK"", ""exchange"": ""VALUE;""}]"
CST,OPT,402321355,CST,,,ASX,CASTILE RESOURCES LTD,"[{""secType"": ""STK""}]"
CSU,FOP,39194759,CSU,,,TSE,CONSTELLATION SOFTWARE INC,"[{""secType"": ""STK""}, {""secType"": ""IOPT""}]"
CSU,FOP,2147483647,,,,,,"[{""secType"": ""BOND""}]"
CSU,FUT,39194759,CSU,,,TSE,CONSTELLATION SOFTWARE INC,"[{""secType"": ""STK""}, {""secType"": ""IOPT""}]"
CSU,FUT,2147483647,,,,,,"[{""secType"": ""BOND""}]"
CSU,IND,39194759,CSU,,,TSE,CONSTELLATION SOFTWARE INC,"[{""secType"": ""STK""}, {""secType"": ""IOPT""}]"
CSU,IND,2147483647,,,,,,"[{""secType"": ""BOND""}]"
CSU,OPT,39194759,CSU,,,TSE,CONSTELLATION SOFTWARE INC,"[{""secType"": ""STK""}, {""secType"": ""IOPT""}]"
CSU,OPT,2147483647,,,,,,"[{""secType"": ""BOND""}]"
CSUS,FOP,72083288,CSUS,,,EBS,ISHARES MSCI USA USD ACC,"[{""secType"": ""STK""}]"
CSUS,FUT,72083288,CSUS,,,EBS,ISHARES MSCI USA USD ACC,"[{""secType"": ""STK""}]"
CSUS,IND,72083288,CSUS,,,EBS,ISHARES MSCI USA USD ACC,"[{""secType"": ""STK""}]"
CSUS,OPT,72083288,CSUS,,,EBS,ISHARES MSCI USA USD ACC,"[{""secType"": ""STK""}]"
CSX,FOP,6150,CSX,,,NASDAQ,CSX CORP,"[{""secType"": ""STK""}, {""secType"": ""OPT"", ""months"": ""APR26;MAY26;JUN26;JUL26;AUG26;SEP26;NOV26;DEC26;JAN27;MAR27;JUN27;JAN28"", ""exchange"": ""SMART;AMEX;BATS;BOX;CBOE;CBOE2;EDGX;EMERALD;GEMINI;IBUSOPT;ISE;MEMX;MERCURY;MIAX;NASDAQBX;NASDAQOM;PEARL;PHLX;PSE;SAPPHIRE""}, {""secType"": ""WAR"", ""months"": ""MAR26;JUN26;SEP26;DEC26;MAR27;JUN27;DEC27"", ""exchange"": ""SWB""}, {""secType"": ""IOPT""}, {""secType"": ""CFD"", ""exchange"": ""SMART"", ""conid"": ""120551358""}, {""secType"": ""BAG""}]"
CSX,FOP,321227729,CSX,,,MEXI,CSX CORP,"[{""secType"": ""STK"", ""exchange"": ""MEXI;""}]"
CSX,FOP,451691004,CSX,,,ASX,CLEANSPACE HOLDINGS LTD,"[{""secType"": ""STK""}]"
CSX,FOP,2147483647,,,,,,"[{""secType"": ""BOND""}]"
CSX,FUT,6150,CSX,,,NASDAQ,CSX CORP,"[{""secType"": ""STK""}, {""secType"": ""OPT"", ""months"": ""APR26;MAY26;JUN26;JUL26;AUG26;SEP26;NOV26;DEC26;JAN27;MAR27;JUN27;JAN28"", ""exchange"": ""SMART;AMEX;BATS;BOX;CBOE;CBOE2;EDGX;EMERALD;GEMINI;IBUSOPT;ISE;MEMX;MERCURY;MIAX;NASDAQBX;NASDAQOM;PEARL;PHLX;PSE;SAPPHIRE""}, {""secType"": ""WAR"", ""months"": ""MAR26;JUN26;SEP26;DEC26;MAR27;JUN27;DEC27"", ""exchange"": ""SWB""}, {""secType"": ""IOPT""}, {""secType"": ""CFD"", ""exchange"": ""SMART"", ""conid"": ""120551358""}, {""secType"": ""BAG""}]"
CSX,FUT,321227729,CSX,,,MEXI,CSX CORP,"[{""secType"": ""STK"", ""exchange"": ""MEXI;""}]"
CSX,FUT,451691004,CSX,,,ASX,CLEANSPACE HOLDINGS LTD,"[{""secType"": ""STK""}]"
CSX,FUT,2147483647,,,,,,"[{""secType"": ""BOND""}]"
CSX,IND,6150,CSX,,,NASDAQ,CSX CORP,"[{""secType"": ""STK""}, {""secType"": ""OPT"", ""months"": ""APR26;MAY26;JUN26;JUL26;AUG26;SEP26;NOV26;DEC26;JAN27;MAR27;JUN27;JAN28"", ""exchange"": ""SMART;AMEX;BATS;BOX;CBOE;CBOE2;EDGX;EMERALD;GEMINI;IBUSOPT;ISE;MEMX;MERCURY;MIAX;NASDAQBX;NASDAQOM;PEARL;PHLX;PSE;SAPPHIRE""}, {""secType"": ""WAR"", ""months"": ""MAR26;JUN26;SEP26;DEC26;MAR27;JUN27;DEC27"", ""exchange"": ""SWB""}, {""secType"": ""IOPT""}, {""secType"": ""CFD"", ""exchange"": ""SMART"", ""conid"": ""120551358""}, {""secType"": ""BAG""}]"
CSX,IND,321227729,CSX,,,MEXI,CSX CORP,"[{""secType"": ""STK"", ""exchange"": ""MEXI;""}]"
CSX,IND,451691004,CSX,,,ASX,CLEANSPACE HOLDINGS LTD,"[{""secType"": ""STK""}]"
CSX,IND,2147483647,,,,,,"[{""secType"": ""BOND""}]"
CSX,OPT,6150,CSX,,,NASDAQ,CSX CORP,"[{""secType"": ""STK""}, {""secType"": ""OPT"", ""months"": ""APR26;MAY26;JUN26;JUL26;AUG26;SEP26;NOV26;DEC26;JAN27;MAR27;JUN27;JAN28"", ""exchange"": ""SMART;AMEX;BATS;BOX;CBOE;CBOE2;EDGX;EMERALD;GEMINI;IBUSOPT;ISE;MEMX;MERCURY;MIAX;NASDAQBX;NASDAQOM;PEARL;PHLX;PSE;SAPPHIRE""}, {""secType"": ""WAR"", ""months"": ""MAR26;JUN26;SEP26;DEC26;MAR27;JUN27;DEC27"", ""exchange"": ""SWB""}, {""secType"": ""IOPT""}, {""secType"": ""CFD"", ""exchange"": ""SMART"", ""conid"": ""120551358""}, {""secType"": ""BAG""}]"
CSX,OPT,321227729,CSX,,,MEXI,CSX CORP,"[{""secType"": ""STK"", ""exchange"": ""MEXI;""}]"
CSX,OPT,451691004,CSX,,,ASX,CLEANSPACE HOLDINGS LTD,"[{""secType"": ""STK""}]"
CSX,OPT,2147483647,,,,,,"[{""secType"": ""BOND""}]"
ECGD,FOP,723404779,ECGD,,,LSEETF,L&G MS ENCO GBPH DIS ETF,"[{""secType"": ""STK""}]"
ECGD,FUT,723404779,ECGD,,,LSEETF,L&G MS ENCO GBPH DIS ETF,"[{""secType"": ""STK""}]"
ECGD,IND,723404779,ECGD,,,LSEETF,L&G MS ENCO GBPH DIS ETF,"[{""secType"": ""STK""}]"
ECGD,OPT,723404779,ECGD,,,LSEETF,L&G MS ENCO GBPH DIS ETF,"[{""secType"": ""STK""}]"
ECN,FOP,249176545,ECN,,,TSE,ECN CAPITAL CORP,"[{""secType"": ""STK""}, {""secType"": ""OPT"", ""months"": ""MAY26;JUN26;JUL26;AUG26;SEP26;OCT26;DEC26;MAR27"", ""exchange"": ""CDE""}, {""secType"": ""BAG""}]"
ECN,FOP,400654787,ECN,,,WSE,ECNOLOGY SA,"[{""secType"": ""STK"", ""exchange"": ""WSE;""}]"
ECN,FOP,2147483647,,,,,,"[{""secType"": ""BOND""}]"
ECN,FUT,249176545,ECN,,,TSE,ECN CAPITAL CORP,"[{""secType"": ""STK""}, {""secType"": ""OPT"", ""months"": ""MAY26;JUN26;JUL26;AUG26;SEP26;OCT26;DEC26;MAR27"", ""exchange"": ""CDE""}, {""secType"": ""BAG""}]"
ECN,FUT,400654787,ECN,,,WSE,ECNOLOGY SA,"[{""secType"": ""STK"", ""exchange"": ""WSE;""}]"
ECN,FUT,2147483647,,,,,,"[{""secType"": ""BOND""}]"
ECN,IND,249176545,ECN,,,TSE,ECN CAPITAL CORP,"[{""secType"": ""STK""}, {""secType"": ""OPT"", ""months"": ""MAY26;JUN26;JUL26;AUG26;SEP26;OCT26;DEC26;MAR27"", ""exchange"": ""CDE""}, {""secType"": ""BAG""}]"
ECN,IND,400654787,ECN,,,WSE,ECNOLOGY SA,"[{""secType"": ""STK"", ""exchange"": ""WSE;""}]"
ECN,IND,2147483647,,,,,,"[{""secType"": ""BOND""}]"
ECN,OPT,249176545,ECN,,,TSE,ECN CAPITAL CORP,"[{""secType"": ""STK""}, {""secType"": ""OPT"", ""months"": ""MAY26;JUN26;JUL26;AUG26;SEP26;OCT26;DEC26;MAR27"", ""exchange"": ""CDE""}, {""secType"": ""BAG""}]"
ECN,OPT,400654787,ECN,,,WSE,ECNOLOGY SA,"[{""secType"": ""STK"", ""exchange"": ""WSE;""}]"
ECN,OPT,2147483647,,,,,,"[{""secType"": ""BOND""}]"
ECU,FOP,458378580,ECU,,,VENTURE,ELEMENT 29 RESOURCES INC,"[{""secType"": ""STK""}]"
ECU,FUT,458378580,ECU,,,VENTURE,ELEMENT 29 RESOURCES INC,"[{""secType"": ""STK""}]"
ECU,IND,458378580,ECU,,,VENTURE,ELEMENT 29 RESOURCES INC,"[{""secType"": ""STK""}]"
ECU,OPT,458378580,ECU,,,VENTURE,ELEMENT 29 RESOURCES INC,"[{""secType"": ""STK""}]"
FSB,FOP,362739067,FSB,,,TSE,CI ENHANCED SHORT DUR BOND,"[{""secType"": ""STK""}]"
FSB,FOP,125864644,FSB,,,VALUE,FRANKLIN FINANCIAL NETWORK,"[{""secType"": ""STK"", ""exchange"": ""VALUE;""}]"
FSB,FOP,820573072,FSB,,,FWB,HUB24 LTD,"[{""secType"": ""STK""}]"
FSB,FOP,2147483647,,,,,,"[{""secType"": ""BOND""}]"
FSB,FUT,362739067,FSB,,,TSE,CI ENHANCED SHORT DUR BOND,"[{""secType"": ""STK""}]"
FSB,FUT,125864644,FSB,,,VALUE,FRANKLIN FINANCIAL NETWORK,"[{""secType"": ""STK"", ""exchange"": ""VALUE;""}]"
FSB,FUT,820573072,FSB,,,FWB,HUB24 LTD,"[{""secType"": ""STK""}]"
FSB,FUT,2147483647,,,,,,"[{""secType"": ""BOND""}]"
FSB,IND,362739067,FSB,,,TSE,CI ENHANCED SHORT DUR BOND,"[{""secType"": ""STK""}]"
FSB,IND,125864644,FSB,,,VALUE,FRANKLIN FINANCIAL NETWORK,"[{""secType"": ""STK"", ""exchange"": ""VALUE;""}]"
FSB,IND,820573072,FSB,,,FWB,HUB24 LTD,"[{""secType"": ""STK""}]"
FSB,IND,2147483647,,,,,,"[{""secType"": ""BOND""}]"
FSB,OPT,362739067,FSB,,,TSE,CI ENHANCED SHORT DUR BOND,"[{""secType"": ""STK""}]"
FSB,OPT,125864644,FSB,,,VALUE,FRANKLIN FINANCIAL NETWORK,"[{""secType"": ""STK"", ""exchange"": ""VALUE;""}]"
FSB,OPT,820573072,FSB,,,FWB,HUB24 LTD,"[{""secType"": ""STK""}]"
FSB,OPT,2147483647,,,,,,"[{""secType"": ""BOND""}]"
FSC,FOP,299612200,FSC,,,VALUE,FUTURE SUPPLY CHAIN SOLUTION,"[{""secType"": ""STK"", ""exchange"": ""VALUE;""}]"
FSC,FOP,2147483647,,,,,,"[{""secType"": ""BOND""}]"
FSC,FUT,299612200,FSC,,,VALUE,FUTURE SUPPLY CHAIN SOLUTION,"[{""secType"": ""STK"", ""exchange"": ""VALUE;""}]"
FSC,FUT,2147483647,,,,,,"[{""secType"": ""BOND""}]"
FSC,IND,299612200,FSC,,,VALUE,FUTURE SUPPLY CHAIN SOLUTION,"[{""secType"": ""STK"", ""exchange"": ""VALUE;""}]"
FSC,IND,2147483647,,,,,,"[{""secType"": ""BOND""}]"
FSC,OPT,299612200,FSC,,,VALUE,FUTURE SUPPLY CHAIN SOLUTION,"[{""secType"": ""STK"", ""exchange"": ""VALUE;""}]"
FSC,OPT,2147483647,,,,,,"[{""secType"": ""BOND""}]"
FSCI,FOP,836375292,FSCI,,,IBIS2,FI GL CO BD RE EN PA UE-EHI,"[{""secType"": ""STK""}]"
FSCI,FUT,836375292,FSCI,,,IBIS2,FI GL CO BD RE EN PA UE-EHI,"[{""secType"": ""STK""}]"
FSCI,IND,836375292,FSCI,,,IBIS2,FI GL CO BD RE EN PA UE-EHI,"[{""secType"": ""STK""}]"
FSCI,OPT,836375292,FSCI,,,IBIS2,FI GL CO BD RE EN PA UE-EHI,"[{""secType"": ""STK""}]"
FSLVX,FOP,51028471,FSLVX,,,,FIDELITY LARGE CAP VALUE FUND (Fidelity),"[{""secType"": ""FUND""}]"
FSLVX,FUT,51028471,FSLVX,,,,FIDELITY LARGE CAP VALUE FUND (Fidelity),"[{""secType"": ""FUND""}]"
FSLVX,IND,51028471,FSLVX,,,,FIDELITY LARGE CAP VALUE FUND (Fidelity),"[{""secType"": ""FUND""}]"
FSLVX,OPT,51028471,FSLVX,,,,FIDELITY LARGE CAP VALUE FUND (Fidelity),"[{""secType"": ""FUND""}]"
FSL,FOP,133736560,FSL,,,TSE,FIRST TRUST SENIOR LOAN ETF,"[{""secType"": ""STK""}]"
FSL,FOP,128937772,FSL,,,FWB2,FOSSIL GROUP INC,"[{""secType"": ""STK""}]"
FSL,FOP,56983589,FSL,,,NSE,FIRSTSOURCE SOLUTIONS LTD,"[{""secType"": ""STK"", ""exchange"": ""NSE;""}]"
FSL,FOP,2147483647,,,,,,"[{""secType"": ""BOND""}]"
FSL,FUT,133736560,FSL,,,TSE,FIRST TRUST SENIOR LOAN ETF,"[{""secType"": ""STK""}]"
FSL,FUT,128937772,FSL,,,FWB2,FOSSIL GROUP INC,"[{""secType"": ""STK""}]"
FSL,FUT,56983589,FSL,,,NSE,FIRSTSOURCE SOLUTIONS LTD,"[{""secType"": ""STK"", ""exchange"": ""NSE;""}]"
FSL,FUT,2147483647,,,,,,"[{""secType"": ""BOND""}]"
FSL,IND,133736560,FSL,,,TSE,FIRST TRUST SENIOR LOAN ETF,"[{""secType"": ""STK""}]"
FSL,IND,128937772,FSL,,,FWB2,FOSSIL GROUP INC,"[{""secType"": ""STK""}]"
FSL,IND,56983589,FSL,,,NSE,FIRSTSOURCE SOLUTIONS LTD,"[{""secType"": ""STK"", ""exchange"": ""NSE;""}]"
FSL,IND,2147483647,,,,,,"[{""secType"": ""BOND""}]"
FSL,OPT,133736560,FSL,,,TSE,FIRST TRUST SENIOR LOAN ETF,"[{""secType"": ""STK""}]"
FSL,OPT,128937772,FSL,,,FWB2,FOSSIL GROUP INC,"[{""secType"": ""STK""}]"
FSL,OPT,56983589,FSL,,,NSE,FIRSTSOURCE SOLUTIONS LTD,"[{""secType"": ""STK"", ""exchange"": ""NSE;""}]"
FSL,OPT,2147483647,,,,,,"[{""secType"": ""BOND""}]"
FSP,FOP,34764855,FSP,,,AMEX,FRANKLIN STREET PROPERTIES C,"[{""secType"": ""STK""}, {""secType"": ""OPT"", ""months"": ""MAY26;JUN26;SEP26;DEC26"", ""exchange"": ""SMART;BATS;BOX;CBOE;CBOE2;EDGX;EMERALD;GEMINI;IBUSOPT;ISE;MEMX;MERCURY;MIAX;NASDAQBX;NASDAQOM;PEARL;PHLX;PSE;SAPPHIRE""}, {""secType"": ""BAG""}]"
FSP,FUT,34764855,FSP,,,AMEX,FRANKLIN STREET PROPERTIES C,"[{""secType"": ""STK""}, {""secType"": ""OPT"", ""months"": ""MAY26;JUN26;SEP26;DEC26"", ""exchange"": ""SMART;BATS;BOX;CBOE;CBOE2;EDGX;EMERALD;GEMINI;IBUSOPT;ISE;MEMX;MERCURY;MIAX;NASDAQBX;NASDAQOM;PEARL;PHLX;PSE;SAPPHIRE""}, {""secType"": ""BAG""}]"
FSP,IND,34764855,FSP,,,AMEX,FRANKLIN STREET PROPERTIES C,"[{""secType"": ""STK""}, {""secType"": ""OPT"", ""months"": ""MAY26;JUN26;SEP26;DEC26"", ""exchange"": ""SMART;BATS;BOX;CBOE;CBOE2;EDGX;EMERALD;GEMINI;IBUSOPT;ISE;MEMX;MERCURY;MIAX;NASDAQBX;NASDAQOM;PEARL;PHLX;PSE;SAPPHIRE""}, {""secType"": ""BAG""}]"
FSP,OPT,34764855,FSP,,,AMEX,FRANKLIN STREET PROPERTIES C,"[{""secType"": ""STK""}, {""secType"": ""OPT"", ""months"": ""MAY26;JUN26;SEP26;DEC26"", ""exchange"": ""SMART;BATS;BOX;CBOE;CBOE2;EDGX;EMERALD;GEMINI;IBUSOPT;ISE;MEMX;MERCURY;MIAX;NASDAQBX;NASDAQOM;PEARL;PHLX;PSE;SAPPHIRE""}, {""secType"": ""BAG""}]"
FSS,FOP,7381,FSS,,,NYSE,FEDERAL SIGNAL CORP,"[{""secType"": ""STK""}, {""secType"": ""OPT"", ""months"": ""MAY26;JUN26;AUG26;NOV26"", ""exchange"": ""SMART;AMEX;BATS;BOX;CBOE;EDGX;EMERALD;GEMINI;IBUSOPT;ISE;MEMX;MERCURY;MIAX;NASDAQOM;PEARL;PHLX;PSE;SAPPHIRE""}, {""secType"": ""CFD"", ""exchange"": ""SMART"", ""conid"": ""266310370""}, {""secType"": ""BAG""}]"
FSS,FUT,7381,FSS,,,NYSE,FEDERAL SIGNAL CORP,"[{""secType"": ""STK""}, {""secType"": ""OPT"", ""months"": ""MAY26;JUN26;AUG26;NOV26"", ""exchange"": ""SMART;AMEX;BATS;BOX;CBOE;EDGX;EMERALD;GEMINI;IBUSOPT;ISE;MEMX;MERCURY;MIAX;NASDAQOM;PEARL;PHLX;PSE;SAPPHIRE""}, {""secType"": ""CFD"", ""exchange"": ""SMART"", ""conid"": ""266310370""}, {""secType"": ""BAG""}]"
FSS,IND,7381,FSS,,,NYSE,FEDERAL SIGNAL CORP,"[{""secType"": ""STK""}, {""secType"": ""OPT"", ""months"": ""MAY26;JUN26;AUG26;NOV26"", ""exchange"": ""SMART;AMEX;BATS;BOX;CBOE;EDGX;EMERALD;GEMINI;IBUSOPT;ISE;MEMX;MERCURY;MIAX;NASDAQOM;PEARL;PHLX;PSE;SAPPHIRE""}, {""secType"": ""CFD"", ""exchange"": ""SMART"", ""conid"": ""266310370""}, {""secType"": ""BAG""}]"
FSS,OPT,7381,FSS,,,NYSE,FEDERAL SIGNAL CORP,"[{""secType"": ""STK""}, {""secType"": ""OPT"", ""months"": ""MAY26;JUN26;AUG26;NOV26"", ""exchange"": ""SMART;AMEX;BATS;BOX;CBOE;EDGX;EMERALD;GEMINI;IBUSOPT;ISE;MEMX;MERCURY;MIAX;NASDAQOM;PEARL;PHLX;PSE;SAPPHIRE""}, {""secType"": ""CFD"", ""exchange"": ""SMART"", ""conid"": ""266310370""}, {""secType"": ""BAG""}]"
FSTBX,FOP,141153804,FSTBX,,,,FEDERATED HERMES GLOBAL ALLOCATION FD (Federated Hermes Funds),"[{""secType"": ""FUND""}]"
FSTBX,FUT,141153804,FSTBX,,,,FEDERATED HERMES GLOBAL ALLOCATION FD (Federated Hermes Funds),"[{""secType"": ""FUND""}]"
FSTBX,IND,141153804,FSTBX,,,,FEDERATED HERMES GLOBAL ALLOCATION FD (Federated Hermes Funds),"[{""secType"": ""FUND""}]"
FSTBX,OPT,141153804,FSTBX,,,,FEDERATED HERMES GLOBAL ALLOCATION FD (Federated Hermes Funds),"[{""secType"": ""FUND""}]"
HGV,FOP,257939796,HGV,,,NYSE,HILTON GRAND VACATIONS INC,"[{""secType"": ""STK""}, {""secType"": ""OPT"", ""months"": ""MAY26;JUN26;JUL26;OCT26;DEC26"", ""exchange"": ""SMART;AMEX;BATS;BOX;CBOE;CBOE2;EDGX;EMERALD;GEMINI;IBUSOPT;ISE;MEMX;MIAX;NASDAQBX;NASDAQOM;PEARL;PHLX;PSE;SAPPHIRE""}, {""secType"": ""IOPT""}, {""secType"": ""CFD"", ""exchange"": ""SMART"", ""conid"": ""261392926""}, {""secType"": ""BAG""}]"
HGV,FOP,624214742,HGV,,,MEXI,HILTON GRAND VACATIONS INC,"[{""secType"": ""STK"", ""exchange"": ""MEXI;""}]"
HGV,FUT,257939796,HGV,,,NYSE,HILTON GRAND VACATIONS INC,"[{""secType"": ""STK""}, {""secType"": ""OPT"", ""months"": ""MAY26;JUN26;JUL26;OCT26;DEC26"", ""exchange"": ""SMART;AMEX;BATS;BOX;CBOE;CBOE2;EDGX;EMERALD;GEMINI;IBUSOPT;ISE;MEMX;MIAX;NASDAQBX;NASDAQOM;PEARL;PHLX;PSE;SAPPHIRE""}, {""secType"": ""IOPT""}, {""secType"": ""CFD"", ""exchange"": ""SMART"", ""conid"": ""261392926""}, {""secType"": ""BAG""}]"
HGV,FUT,624214742,HGV,,,MEXI,HILTON GRAND VACATIONS INC,"[{""secType"": ""STK"", ""exchange"": ""MEXI;""}]"
HGV,IND,257939796,HGV,,,NYSE,HILTON GRAND VACATIONS INC,"[{""secType"": ""STK""}, {""secType"": ""OPT"", ""months"": ""MAY26;JUN26;JUL26;OCT26;DEC26"", ""exchange"": ""SMART;AMEX;BATS;BOX;CBOE;CBOE2;EDGX;EMERALD;GEMINI;IBUSOPT;ISE;MEMX;MIAX;NASDAQBX;NASDAQOM;PEARL;PHLX;PSE;SAPPHIRE""}, {""secType"": ""IOPT""}, {""secType"": ""CFD"", ""exchange"": ""SMART"", ""conid"": ""261392926""}, {""secType"": ""BAG""}]"
HGV,IND,624214742,HGV,,,MEXI,HILTON GRAND VACATIONS INC,"[{""secType"": ""STK"", ""exchange"": ""MEXI;""}]"
HGV,OPT,257939796,HGV,,,NYSE,HILTON GRAND VACATIONS INC,"[{""secType"": ""STK""}, {""secType"": ""OPT"", ""months"": ""MAY26;JUN26;JUL26;OCT26;DEC26"", ""exchange"": ""SMART;AMEX;BATS;BOX;CBOE;CBOE2;EDGX;EMERALD;GEMINI;IBUSOPT;ISE;MEMX;MIAX;NASDAQBX;NASDAQOM;PEARL;PHLX;PSE;SAPPHIRE""}, {""secType"": ""IOPT""}, {""secType"": ""CFD"", ""exchange"": ""SMART"", ""conid"": ""261392926""}, {""secType"": ""BAG""}]"
HGV,OPT,624214742,HGV,,,MEXI,HILTON GRAND VACATIONS INC,"[{""secType"": ""STK"", ""exchange"": ""MEXI;""}]"
HHV,FOP,780744571,HHV,,,LSE,HARGREAVE HALE AIM VCT PLC,"[{""secType"": ""STK""}]"
HHV,FUT,780744571,HHV,,,LSE,HARGREAVE HALE AIM VCT PLC,"[{""secType"": ""STK""}]"
HHV,IND,780744571,HHV,,,LSE,HARGREAVE HALE AIM VCT PLC,"[{""secType"": ""STK""}]"
HHV,OPT,780744571,HHV,,,LSE,HARGREAVE HALE AIM VCT PLC,"[{""secType"": ""STK""}]"
HSB,FOP,408887225,HSB,,,VALUE,HANG SENG BANK LTD,"[{""secType"": ""STK"", ""exchange"": ""VALUE;""}]"
HSB,FOP,2147483647,,,,,,"[{""secType"": ""BOND""}]"
HSB,FUT,408887225,HSB,,,VALUE,HANG SENG BANK LTD,"[{""secType"": ""STK"", ""exchange"": ""VALUE;""}]"
HSB,FUT,2147483647,,,,,,"[{""secType"": ""BOND""}]"
HSB,IND,408887225,HSB,,,VALUE,HANG SENG BANK LTD,"[{""secType"": ""STK"", ""exchange"": ""VALUE;""}]"
HSB,IND,2147483647,,,,,,"[{""secType"": ""BOND""}]"
HSB,OPT,408887225,HSB,,,VALUE,HANG SENG BANK LTD,"[{""secType"": ""STK"", ""exchange"": ""VALUE;""}]"
HSB,OPT,2147483647,,,,,,"[{""secType"": ""BOND""}]"
HSED,FOP,571598640,HSED,,,VALUE,HSBC EUROPE SCREENED EQ ETF,"[{""secType"": ""STK"", ""exchange"": ""VALUE;""}]"
HSED,FUT,571598640,HSED,,,VALUE,HSBC EUROPE SCREENED EQ ETF,"[{""secType"": ""STK"", ""exchange"": ""VALUE;""}]"
HSED,IND,571598640,HSED,,,VALUE,HSBC EUROPE SCREENED EQ ETF,"[{""secType"": ""STK"", ""exchange"": ""VALUE;""}]"
HSED,OPT,571598640,HSED,,,VALUE,HSBC EUROPE SCREENED EQ ETF,"[{""secType"": ""STK"", ""exchange"": ""VALUE;""}]"
HSMI,FOP,74262473,HSMI,,,HKFE,Hang Seng Composite MidCap Index,"[{""secType"": ""IND"", ""exchange"": ""HKFE;""}]"
HSMI,FUT,74262473,HSMI,,,HKFE,Hang Seng Composite MidCap Index,"[{""secType"": ""IND"", ""exchange"": ""HKFE;""}]"
HSMI,IND,74262473,HSMI,,,HKFE,Hang Seng Composite MidCap Index,"[{""secType"": ""IND"", ""exchange"": ""HKFE;""}]"
HSMI,OPT,74262473,HSMI,,,HKFE,Hang Seng Composite MidCap Index,"[{""secType"": ""IND"", ""exchange"": ""HKFE;""}]"
HSP,FOP,74084652,HSP,,,HKFE,Hang Seng Property Index,"[{""secType"": ""IND"", ""exchange"": ""HKFE;""}]"
HSP,FOP,28774539,HSP,,,VALUE,HOSPIRA INC,"[{""secType"": ""STK"", ""exchange"": ""VALUE;""}]"
HSP,FOP,48014320,HSP,,,LSE,HARGREAVES SERVICES PLC,"[{""secType"": ""STK""}]"
HSP,FOP,2147483647,,,,,,"[{""secType"": ""BOND""}]"
HSP,FUT,74084652,HSP,,,HKFE,Hang Seng Property Index,"[{""secType"": ""IND"", ""exchange"": ""HKFE;""}]"
HSP,FUT,28774539,HSP,,,VALUE,HOSPIRA INC,"[{""secType"": ""STK"", ""exchange"": ""VALUE;""}]"
HSP,FUT,48014320,HSP,,,LSE,HARGREAVES SERVICES PLC,"[{""secType"": ""STK""}]"
HSP,FUT,2147483647,,,,,,"[{""secType"": ""BOND""}]"
HSP,IND,74084652,HSP,,,HKFE,Hang Seng Property Index,"[{""secType"": ""IND"", ""exchange"": ""HKFE;""}]"
HSP,IND,28774539,HSP,,,VALUE,HOSPIRA INC,"[{""secType"": ""STK"", ""exchange"": ""VALUE;""}]"
HSP,IND,48014320,HSP,,,LSE,HARGREAVES SERVICES PLC,"[{""secType"": ""STK""}]"
HSP,IND,2147483647,,,,,,"[{""secType"": ""BOND""}]"
HSP,OPT,74084652,HSP,,,HKFE,Hang Seng Property Index,"[{""secType"": ""IND"", ""exchange"": ""HKFE;""}]"
HSP,OPT,28774539,HSP,,,VALUE,HOSPIRA INC,"[{""secType"": ""STK"", ""exchange"": ""VALUE;""}]"
HSP,OPT,48014320,HSP,,,LSE,HARGREAVES SERVICES PLC,"[{""secType"": ""STK""}]"
HSP,OPT,2147483647,,,,,,"[{""secType"": ""BOND""}]"
HSV,FOP,200213814,HSV,,,VALUE,HOMESERVE PLC,"[{""secType"": ""STK"", ""exchange"": ""VALUE;""}]"
HSV,FUT,200213814,HSV,,,VALUE,HOMESERVE PLC,"[{""secType"": ""STK"", ""exchange"": ""VALUE;""}]"
HSV,IND,200213814,HSV,,,VALUE,HOMESERVE PLC,"[{""secType"": ""STK"", ""exchange"": ""VALUE;""}]"
HSV,OPT,200213814,HSV,,,VALUE,HOMESERVE PLC,"[{""secType"": ""STK"", ""exchange"": ""VALUE;""}]"
HTB,FOP,110418094,HTB,,,NYSE,HOMETRUST BANCSHARES INC,"[{""secType"": ""STK""}, {""secType"": ""OPT"", ""months"": ""MAY26;JUN26;SEP26;DEC26"", ""exchange"": ""SMART;AMEX;BOX;IBUSOPT;PHLX""}, {""secType"": ""CFD"", ""exchange"": ""SMART"", ""conid"": ""314725548""}, {""secType"": ""BAG""}]"
HTB,FOP,700079725,HTB,,,TSE,GLO X US 7-10YR TRES IND COR,"[{""secType"": ""STK""}]"
HTB,FOP,2147483647,,,,,,"[{""secType"": ""BOND""}]"
HTB,FUT,110418094,HTB,,,NYSE,HOMETRUST BANCSHARES INC,"[{""secType"": ""STK""}, {""secType"": ""OPT"", ""months"": ""MAY26;JUN26;SEP26;DEC26"", ""exchange"": ""SMART;AMEX;BOX;IBUSOPT;PHLX""}, {""secType"": ""CFD"", ""exchange"": ""SMART"", ""conid"": ""314725548""}, {""secType"": ""BAG""}]"
HTB,FUT,700079725,HTB,,,TSE,GLO X US 7-10YR TRES IND COR,"[{""secType"": ""STK""}]"
HTB,FUT,2147483647,,,,,,"[{""secType"": ""BOND""}]"
HTB,IND,110418094,HTB,,,NYSE,HOMETRUST BANCSHARES INC,"[{""secType"": ""STK""}, {""secType"": ""OPT"", ""months"": ""MAY26;JUN26;SEP26;DEC26"", ""exchange"": ""SMART;AMEX;BOX;IBUSOPT;PHLX""}, {""secType"": ""CFD"", ""exchange"": ""SMART"", ""conid"": ""314725548""}, {""secType"": ""BAG""}]"
HTB,IND,700079725,HTB,,,TSE,GLO X US 7-10YR TRES IND COR,"[{""secType"": ""STK""}]"
HTB,IND,2147483647,,,,,,"[{""secType"": ""BOND""}]"
HTB,OPT,110418094,HTB,,,NYSE,HOMETRUST BANCSHARES INC,"[{""secType"": ""STK""}, {""secType"": ""OPT"", ""months"": ""MAY26;JUN26;SEP26;DEC26"", ""exchange"": ""SMART;AMEX;BOX;IBUSOPT;PHLX""}, {""secType"": ""CFD"", ""exchange"": ""SMART"", ""conid"": ""314725548""}, {""secType"": ""BAG""}]"
HTB,OPT,700079725,HTB,,,TSE,GLO X US 7-10YR TRES IND COR,"[{""secType"": ""STK""}]"
HTB,OPT,2147483647,,,,,,"[{""secType"": ""BOND""}]"
HTV,FOP,2147483647,,,,,,"[{""secType"": ""BOND""}]"
HTV,FUT,2147483647,,,,,,"[{""secType"": ""BOND""}]"
HTV,IND,2147483647,,,,,,"[{""secType"": ""BOND""}]"
HTV,OPT,2147483647,,,,,,"[{""secType"": ""BOND""}]"
LGC,FOP,566205785,LGC,,,VENTURE,LAVRAS GOLD CORP,"[{""secType"": ""STK""}]"
LGC,FOP,603519854,LGC,,,FWB2,HERITAGE GLOBAL INC,"[{""secType"": ""STK"", ""exchange"": ""FWB2;""}]"
LGC,FUT,566205785,LGC,,,VENTURE,LAVRAS GOLD CORP,"[{""secType"": ""STK""}]"
LGC,FUT,603519854,LGC,,,FWB2,HERITAGE GLOBAL INC,"[{""secType"": ""STK"", ""exchange"": ""FWB2;""}]"
LGC,IND,566205785,LGC,,,VENTURE,LAVRAS GOLD CORP,"[{""secType"": ""STK""}]"
LGC,IND,603519854,LGC,,,FWB2,HERITAGE GLOBAL INC,"[{""secType"": ""STK"", ""exchange"": ""FWB2;""}]"
LGC,OPT,566205785,LGC,,,VENTURE,LAVRAS GOLD CORP,"[{""secType"": ""STK""}]"
LGC,OPT,603519854,LGC,,,FWB2,HERITAGE GLOBAL INC,"[{""secType"": ""STK"", ""exchange"": ""FWB2;""}]"
LGP,FOP,404491443,LGP,,,ASX,LITTLE GREEN PHARMA LTD,"[{""secType"": ""STK""}]"
LGP,FUT,404491443,LGP,,,ASX,LITTLE GREEN PHARMA LTD,"[{""secType"": ""STK""}]"
LGP,IND,404491443,LGP,,,ASX,LITTLE GREEN PHARMA LTD,"[{""secType"": ""STK""}]"
LGP,OPT,404491443,LGP,,,ASX,LITTLE GREEN PHARMA LTD,"[{""secType"": ""STK""}]"
LHC,FOP,473509892,LHC,,,VALUE,LEO HOLDINGS CORP II-CLASS A,"[{""secType"": ""STK"", ""exchange"": ""VALUE;""}]"
LHC,FOP,290088182,LHC,,,JSE,LIFE HEALTHCARE GROUP HOLDIN,"[{""secType"": ""STK"", ""exchange"": ""JSE;""}, {""secType"": ""CFD"", ""exchange"": ""SMART"", ""conid"": ""304818608""}]"
LHC,FOP,2147483647,,,,,,"[{""secType"": ""BOND""}]"
LHC,FUT,473509892,LHC,,,VALUE,LEO HOLDINGS CORP II-CLASS A,"[{""secType"": ""STK"", ""exchange"": ""VALUE;""}]"
LHC,FUT,290088182,LHC,,,JSE,LIFE HEALTHCARE GROUP HOLDIN,"[{""secType"": ""STK"", ""exchange"": ""JSE;""}, {""secType"": ""CFD"", ""exchange"": ""SMART"", ""conid"": ""304818608""}]"
LHC,FUT,2147483647,,,,,,"[{""secType"": ""BOND""}]"
LHC,IND,473509892,LHC,,,VALUE,LEO HOLDINGS CORP II-CLASS A,"[{""secType"": ""STK"", ""exchange"": ""VALUE;""}]"
LHC,IND,290088182,LHC,,,JSE,LIFE HEALTHCARE GROUP HOLDIN,"[{""secType"": ""STK"", ""exchange"": ""JSE;""}, {""secType"": ""CFD"", ""exchange"": ""SMART"", ""conid"": ""304818608""}]"
LHC,IND,2147483647,,,,,,"[{""secType"": ""BOND""}]"
LHC,OPT,473509892,LHC,,,VALUE,LEO HOLDINGS CORP II-CLASS A,"[{""secType"": ""STK"", ""exchange"": ""VALUE;""}]"
LHC,OPT,290088182,LHC,,,JSE,LIFE HEALTHCARE GROUP HOLDIN,"[{""secType"": ""STK"", ""exchange"": ""JSE;""}, {""secType"": ""CFD"", ""exchange"": ""SMART"", ""conid"": ""304818608""}]"
LHC,OPT,2147483647,,,,,,"[{""secType"": ""BOND""}]"
LHS,FOP,324529557,LHS,,,VALUE,LIBERTY HEALTH SCIENCES INC,"[{""secType"": ""STK"", ""exchange"": ""VALUE;""}]"
LHS,FOP,2147483647,,,,,,"[{""secType"": ""BOND""}]"
LHS,FUT,324529557,LHS,,,VALUE,LIBERTY HEALTH SCIENCES INC,"[{""secType"": ""STK"", ""exchange"": ""VALUE;""}]"
LHS,FUT,2147483647,,,,,,"[{""secType"": ""BOND""}]"
LHS,IND,324529557,LHS,,,VALUE,LIBERTY HEALTH SCIENCES INC,"[{""secType"": ""STK"", ""exchange"": ""VALUE;""}]"
LHS,IND,2147483647,,,,,,"[{""secType"": ""BOND""}]"
LHS,OPT,324529557,LHS,,,VALUE,LIBERTY HEALTH SCIENCES INC,"[{""secType"": ""STK"", ""exchange"": ""VALUE;""}]"
LHS,OPT,2147483647,,,,,,"[{""secType"": ""BOND""}]"
LHTB,FOP,2147483647,,,,,,"[{""secType"": ""BOND""}]"
LHTB,FUT,2147483647,,,,,,"[{""secType"": ""BOND""}]"
LHTB,IND,2147483647,,,,,,"[{""secType"": ""BOND""}]"
LHTB,OPT,2147483647,,,,,,"[{""secType"": ""BOND""}]"
LPC,FOP,137937861,LPC,,,VALUE,LORNE PARK CAPITAL PARTNERS,"[{""secType"": ""STK"", ""exchange"": ""VALUE;""}]"
LPC,FUT,137937861,LPC,,,VALUE,LORNE PARK CAPITAL PARTNERS,"[{""secType"": ""STK"", ""exchange"": ""VALUE;""}]"
LPC,IND,137937861,LPC,,,VALUE,LORNE PARK CAPITAL PARTNERS,"[{""secType"": ""STK"", ""exchange"": ""VALUE;""}]"
LPC,OPT,137937861,LPC,,,VALUE,LORNE PARK CAPITAL PARTNERS,"[{""secType"": ""STK"", ""exchange"": ""VALUE;""}]"
LPP,FOP,228789940,LPP,,,WSE,LPP SA,"[{""secType"": ""STK"", ""exchange"": ""WSE;""}, {""secType"": ""IOPT""}]"
LPP,FUT,228789940,LPP,,,WSE,LPP SA,"[{""secType"": ""STK"", ""exchange"": ""WSE;""}, {""secType"": ""IOPT""}]"
LPP,IND,228789940,LPP,,,WSE,LPP SA,"[{""secType"": ""STK"", ""exchange"": ""WSE;""}, {""secType"": ""IOPT""}]"
LPP,OPT,228789940,LPP,,,WSE,LPP SA,"[{""secType"": ""STK"", ""exchange"": ""WSE;""}, {""secType"": ""IOPT""}]"
LPSDX,FOP,141425759,LPSDX,,,,LifePath 2030 Portfolio - Class K (Blackrock Funds),"[{""secType"": ""FUND""}]"
LPSDX,FUT,141425759,LPSDX,,,,LifePath 2030 Portfolio - Class K (Blackrock Funds),"[{""secType"": ""FUND""}]"
LPSDX,IND,141425759,LPSDX,,,,LifePath 2030 Portfolio - Class K (Blackrock Funds),"[{""secType"": ""FUND""}]"
LPSDX,OPT,141425759,LPSDX,,,,LifePath 2030 Portfolio - Class K (Blackrock Funds),"[{""secType"": ""FUND""}]"
LPS,FOP,52152730,LPS,,,VALUE,LENDER PROCESSING SERVICES,"[{""secType"": ""STK"", ""exchange"": ""VALUE;""}]"
LPS,FOP,136256621,LPS,,,VENTURE,LEGEND POWER SYSTEMS INC,"[{""secType"": ""STK""}]"
LPS,FOP,2147483647,,,,,,"[{""secType"": ""BOND""}]"
LPS,FUT,52152730,LPS,,,VALUE,LENDER PROCESSING SERVICES,"[{""secType"": ""STK"", ""exchange"": ""VALUE;""}]"
LPS,FUT,136256621,LPS,,,VENTURE,LEGEND POWER SYSTEMS INC,"[{""secType"": ""STK""}]"
LPS,FUT,2147483647,,,,,,"[{""secType"": ""BOND""}]"
LPS,IND,52152730,LPS,,,VALUE,LENDER PROCESSING SERVICES,"[{""secType"": ""STK"", ""exchange"": ""VALUE;""}]"
LPS,IND,136256621,LPS,,,VENTURE,LEGEND POWER SYSTEMS INC,"[{""secType"": ""STK""}]"
LPS,IND,2147483647,,,,,,"[{""secType"": ""BOND""}]"
LPS,OPT,52152730,LPS,,,VALUE,LENDER PROCESSING SERVICES,"[{""secType"": ""STK"", ""exchange"": ""VALUE;""}]"
LPS,OPT,136256621,LPS,,,VENTURE,LEGEND POWER SYSTEMS INC,"[{""secType"": ""STK""}]"
LPS,OPT,2147483647,,,,,,"[{""secType"": ""BOND""}]"
LSAT,FOP,452087669,LSAT,,,ARCA,LEADERSHARES ALPHAFACT TACT,"[{""secType"": ""STK""}]"
LSAT,FUT,452087669,LSAT,,,ARCA,LEADERSHARES ALPHAFACT TACT,"[{""secType"": ""STK""}]"
LSAT,IND,452087669,LSAT,,,ARCA,LEADERSHARES ALPHAFACT TACT,"[{""secType"": ""STK""}]"
LSAT,OPT,452087669,LSAT,,,ARCA,LEADERSHARES ALPHAFACT TACT,"[{""secType"": ""STK""}]"
LSC,FOP,268360116,LSC,,,VALUE,LSC LITHIUM CORP,"[{""secType"": ""STK"", ""exchange"": ""VALUE;""}]"
LSC,FOP,748086642,LSC,,,LSE,LONDON SECURITY PLC,"[{""secType"": ""STK""}]"
LSC,FUT,268360116,LSC,,,VALUE,LSC LITHIUM CORP,"[{""secType"": ""STK"", ""exchange"": ""VALUE;""}]"
LSC,FUT,748086642,LSC,,,LSE,LONDON SECURITY PLC,"[{""secType"": ""STK""}]"
LSC,IND,268360116,LSC,,,VALUE,LSC LITHIUM CORP,"[{""secType"": ""STK"", ""exchange"": ""VALUE;""}]"
LSC,IND,748086642,LSC,,,LSE,LONDON SECURITY PLC,"[{""secType"": ""STK""}]"
LSC,OPT,268360116,LSC,,,VALUE,LSC LITHIUM CORP,"[{""secType"": ""STK"", ""exchange"": ""VALUE;""}]"
LSC,OPT,748086642,LSC,,,LSE,LONDON SECURITY PLC,"[{""secType"": ""STK""}]"
LSS,FOP,82676344,LSS,,,SBF,LECTRA,"[{""secType"": ""STK""}, {""secType"": ""IOPT""}, {""secType"": ""CFD"", ""exchange"": ""SMART"", ""conid"": ""384918789""}]"
LSS,FOP,534278850,LSS,,,SGX,PHLP-NVA MSC SNGPR 2XLVRG-SG,"[{""secType"": ""STK"", ""exchange"": ""SGX;""}]"
LSS,FUT,82676344,LSS,,,SBF,LECTRA,"[{""secType"": ""STK""}, {""secType"": ""IOPT""}, {""secType"": ""CFD"", ""exchange"": ""SMART"", ""conid"": ""384918789""}]"
LSS,FUT,534278850,LSS,,,SGX,PHLP-NVA MSC SNGPR 2XLVRG-SG,"[{""secType"": ""STK"", ""exchange"": ""SGX;""}]"
LSS,IND,82676344,LSS,,,SBF,LECTRA,"[{""secType"": ""STK""}, {""secType"": ""IOPT""}, {""secType"": ""CFD"", ""exchange"": ""SMART"", ""conid"": ""384918789""}]"
LSS,IND,534278850,LSS,,,SGX,PHLP-NVA MSC SNGPR 2XLVRG-SG,"[{""secType"": ""STK"", ""exchange"": ""SGX;""}]"
LSS,OPT,82676344,LSS,,,SBF,LECTRA,"[{""secType"": ""STK""}, {""secType"": ""IOPT""}, {""secType"": ""CFD"", ""exchange"": ""SMART"", ""conid"": ""384918789""}]"
LSS,OPT,534278850,LSS,,,SGX,PHLP-NVA MSC SNGPR 2XLVRG-SG,"[{""secType"": ""STK"", ""exchange"": ""SGX;""}]"
LSTE,FOP,836770646,LSTE,,,BVME.ETF,WT PHYSICAL LIDO STAKED ETH,"[{""secType"": ""STK""}]"
LSTE,FUT,836770646,LSTE,,,BVME.ETF,WT PHYSICAL LIDO STAKED ETH,"[{""secType"": ""STK""}]"
LSTE,IND,836770646,LSTE,,,BVME.ETF,WT PHYSICAL LIDO STAKED ETH,"[{""secType"": ""STK""}]"
LSTE,OPT,836770646,LSTE,,,BVME.ETF,WT PHYSICAL LIDO STAKED ETH,"[{""secType"": ""STK""}]"
LTC,FOP,498989715,LTC,,,,Litecoin cryptocurrency,"[{""secType"": ""CRYPTO"", ""exchange"": ""PAXOS;""}]"
LTC,FOP,9240,LTC,,,NYSE,LTC PROPERTIES INC,"[{""secType"": ""STK""}, {""secType"": ""OPT"", ""months"": ""MAY26;JUN26;AUG26;NOV26"", ""exchange"": ""SMART;AMEX;BATS;BOX;CBOE;CBOE2;EDGX;EMERALD;IBUSOPT;ISE;MEMX;MERCURY;MIAX;PEARL;PHLX;PSE;SAPPHIRE""}, {""secType"": ""CFD"", ""exchange"": ""SMART"", ""conid"": ""266310442""}, {""secType"": ""BAG""}]"
LTC,FOP,760235613,LTC,,,VENTURE,LOTUS CREEK EXPLORATION INC,"[{""secType"": ""STK""}]"
LTC,FUT,498989715,LTC,,,,Litecoin cryptocurrency,"[{""secType"": ""CRYPTO"", ""exchange"": ""PAXOS;""}]"
LTC,FUT,9240,LTC,,,NYSE,LTC PROPERTIES INC,"[{""secType"": ""STK""}, {""secType"": ""OPT"", ""months"": ""MAY26;JUN26;AUG26;NOV26"", ""exchange"": ""SMART;AMEX;BATS;BOX;CBOE;CBOE2;EDGX;EMERALD;IBUSOPT;ISE;MEMX;MERCURY;MIAX;PEARL;PHLX;PSE;SAPPHIRE""}, {""secType"": ""CFD"", ""exchange"": ""SMART"", ""conid"": ""266310442""}, {""secType"": ""BAG""}]"
LTC,FUT,760235613,LTC,,,VENTURE,LOTUS CREEK EXPLORATION INC,"[{""secType"": ""STK""}]"
LTC,IND,498989715,LTC,,,,Litecoin cryptocurrency,"[{""secType"": ""CRYPTO"", ""exchange"": ""PAXOS;""}]"
LTC,IND,9240,LTC,,,NYSE,LTC PROPERTIES INC,"[{""secType"": ""STK""}, {""secType"": ""OPT"", ""months"": ""MAY26;JUN26;AUG26;NOV26"", ""exchange"": ""SMART;AMEX;BATS;BOX;CBOE;CBOE2;EDGX;EMERALD;IBUSOPT;ISE;MEMX;MERCURY;MIAX;PEARL;PHLX;PSE;SAPPHIRE""}, {""secType"": ""CFD"", ""exchange"": ""SMART"", ""conid"": ""266310442""}, {""secType"": ""BAG""}]"
LTC,IND,760235613,LTC,,,VENTURE,LOTUS CREEK EXPLORATION INC,"[{""secType"": ""STK""}]"
LTC,OPT,498989715,LTC,,,,Litecoin cryptocurrency,"[{""secType"": ""CRYPTO"", ""exchange"": ""PAXOS;""}]"
LTC,OPT,9240,LTC,,,NYSE,LTC PROPERTIES INC,"[{""secType"": ""STK""}, {""secType"": ""OPT"", ""months"": ""MAY26;JUN26;AUG26;NOV26"", ""exchange"": ""SMART;AMEX;BATS;BOX;CBOE;CBOE2;EDGX;EMERALD;IBUSOPT;ISE;MEMX;MERCURY;MIAX;PEARL;PHLX;PSE;SAPPHIRE""}, {""secType"": ""CFD"", ""exchange"": ""SMART"", ""conid"": ""266310442""}, {""secType"": ""BAG""}]"
LTC,OPT,760235613,LTC,,,VENTURE,LOTUS CREEK EXPLORATION INC,"[{""secType"": ""STK""}]"
LTS,FOP,6604746,LTS,,,VALUE,LADENBURG THALMANN FINANCIAL,"[{""secType"": ""STK"", ""exchange"": ""VALUE;""}]"
LTS,FUT,6604746,LTS,,,VALUE,LADENBURG THALMANN FINANCIAL,"[{""secType"": ""STK"", ""exchange"": ""VALUE;""}]"
LTS,IND,6604746,LTS,,,VALUE,LADENBURG THALMANN FINANCIAL,"[{""secType"": ""STK"", ""exchange"": ""VALUE;""}]"
LTS,OPT,6604746,LTS,,,VALUE,LADENBURG THALMANN FINANCIAL,"[{""secType"": ""STK"", ""exchange"": ""VALUE;""}]"
NGHO,FOP,53019364,NGHO,,,DOLLR4LOT,NEW GENERATION HOLDINGS INC,"[{""secType"": ""STK"", ""exchange"": ""DOLLR4LOT;""}]"
NGHO,FUT,53019364,NGHO,,,DOLLR4LOT,NEW GENERATION HOLDINGS INC,"[{""secType"": ""STK"", ""exchange"": ""DOLLR4LOT;""}]"
NGHO,IND,53019364,NGHO,,,DOLLR4LOT,NEW GENERATION HOLDINGS INC,"[{""secType"": ""STK"", ""exchange"": ""DOLLR4LOT;""}]"
NGHO,OPT,53019364,NGHO,,,DOLLR4LOT,NEW GENERATION HOLDINGS INC,"[{""secType"": ""STK"", ""exchange"": ""DOLLR4LOT;""}]"
NGO,FOP,150540628,NGO,,,FWB2,NEWLOX GOLD VENTURES CORP,"[{""secType"": ""STK"", ""exchange"": ""FWB2;""}]"
NGO,FUT,150540628,NGO,,,FWB2,NEWLOX GOLD VENTURES CORP,"[{""secType"": ""STK"", ""exchange"": ""FWB2;""}]"
NGO,IND,150540628,NGO,,,FWB2,NEWLOX GOLD VENTURES CORP,"[{""secType"": ""STK"", ""exchange"": ""FWB2;""}]"
NGO,OPT,150540628,NGO,,,FWB2,NEWLOX GOLD VENTURES CORP,"[{""secType"": ""STK"", ""exchange"": ""FWB2;""}]"
NGP,FOP,732764737,NGP,,,FORECASTX,US Natural Gas Production,"[{""secType"": ""EC""}]"
NGP,FUT,732764737,NGP,,,FORECASTX,US Natural Gas Production,"[{""secType"": ""EC""}]"
NGP,IND,732764737,NGP,,,FORECASTX,US Natural Gas Production,"[{""secType"": ""EC""}]"
NGP,OPT,732764737,NGP,,,FORECASTX,US Natural Gas Production,"[{""secType"": ""EC""}]"
NHP,FOP,876162846,NHP,,,NASDAQ,NATIONAL HEALTHCARE PROPERTI,"[{""secType"": ""STK""}]"
NTO,FOP,395173126,NTO,,,VALUE,NITRO SOFTWARE LTD,"[{""secType"": ""STK"", ""exchange"": ""VALUE;""}]"
NTO,FOP,240609979,NTO,,,VSE,NINTENDO CO LTD,"[{""secType"": ""STK""}, {""secType"": ""IOPT""}]"
NTO,FOP,160213087,NTO,,,TASE,NETO ME HOLDINGS LTD,"[{""secType"": ""STK"", ""exchange"": ""TASE;""}]"
NTO,FUT,395173126,NTO,,,VALUE,NITRO SOFTWARE LTD,"[{""secType"": ""STK"", ""exchange"": ""VALUE;""}]"
NTO,FUT,240609979,NTO,,,VSE,NINTENDO CO LTD,"[{""secType"": ""STK""}, {""secType"": ""IOPT""}]"
NTO,FUT,160213087,NTO,,,TASE,NETO ME HOLDINGS LTD,"[{""secType"": ""STK"", ""exchange"": ""TASE;""}]"
NTO,IND,395173126,NTO,,,VALUE,NITRO SOFTWARE LTD,"[{""secType"": ""STK"", ""exchange"": ""VALUE;""}]"
NTO,IND,240609979,NTO,,,VSE,NINTENDO CO LTD,"[{""secType"": ""STK""}, {""secType"": ""IOPT""}]"
NTO,IND,160213087,NTO,,,TASE,NETO ME HOLDINGS LTD,"[{""secType"": ""STK"", ""exchange"": ""TASE;""}]"
NTO,OPT,395173126,NTO,,,VALUE,NITRO SOFTWARE LTD,"[{""secType"": ""STK"", ""exchange"": ""VALUE;""}]"
NTO,OPT,240609979,NTO,,,VSE,NINTENDO CO LTD,"[{""secType"": ""STK""}, {""secType"": ""IOPT""}]"
NTO,OPT,160213087,NTO,,,TASE,NETO ME HOLDINGS LTD,"[{""secType"": ""STK"", ""exchange"": ""TASE;""}]"
PCM,FOP,44559212,PCM,,,NYSE,PCM FUND INC,"[{""secType"": ""STK""}]"
PCM,FUT,44559212,PCM,,,NYSE,PCM FUND INC,"[{""secType"": ""STK""}]"
PCM,IND,44559212,PCM,,,NYSE,PCM FUND INC,"[{""secType"": ""STK""}]"
PCM,OPT,44559212,PCM,,,NYSE,PCM FUND INC,"[{""secType"": ""STK""}]"
PPE,FOP,297281998,PPE,,,ASX,PEOPLEIN LTD,"[{""secType"": ""STK""}]"
PPE,FUT,297281998,PPE,,,ASX,PEOPLEIN LTD,"[{""secType"": ""STK""}]"
PPE,IND,297281998,PPE,,,ASX,PEOPLEIN LTD,"[{""secType"": ""STK""}]"
PPE,OPT,297281998,PPE,,,ASX,PEOPLEIN LTD,"[{""secType"": ""STK""}]"
UGEA,FOP,540920700,UGEA,,,NYMEX,CME CBL Global Emissions Offset Futures Index,"[{""secType"": ""IND"", ""exchange"": ""NYMEX;""}]"
UGEA,FUT,540920700,UGEA,,,NYMEX,CME CBL Global Emissions Offset Futures Index,"[{""secType"": ""IND"", ""exchange"": ""NYMEX;""}]"
UGEA,IND,540920700,UGEA,,,NYMEX,CME CBL Global Emissions Offset Futures Index,"[{""secType"": ""IND"", ""exchange"": ""NYMEX;""}]"
UGEA,OPT,540920700,UGEA,,,NYMEX,CME CBL Global Emissions Offset Futures Index,"[{""secType"": ""IND"", ""exchange"": ""NYMEX;""}]"
UGE,FOP,42808815,UGE,,,ARCA,PROSHARES ULTRA CONSUMER STA,"[{""secType"": ""STK""}, {""secType"": ""OPT"", ""months"": ""MAY26;JUN26;AUG26;NOV26"", ""exchange"": ""SMART;AMEX;BATS;BOX;CBOE;CBOE2;EDGX;GEMINI;IBUSOPT;NASDAQBX;NASDAQOM;PHLX;PSE""}, {""secType"": ""BAG""}]"
UGE,FOP,396329067,UGE,,,VALUE,UGE INTERNATIONAL LTD,"[{""secType"": ""STK"", ""exchange"": ""VALUE;""}]"
UGE,FUT,42808815,UGE,,,ARCA,PROSHARES ULTRA CONSUMER STA,"[{""secType"": ""STK""}, {""secType"": ""OPT"", ""months"": ""MAY26;JUN26;AUG26;NOV26"", ""exchange"": ""SMART;AMEX;BATS;BOX;CBOE;CBOE2;EDGX;GEMINI;IBUSOPT;NASDAQBX;NASDAQOM;PHLX;PSE""}, {""secType"": ""BAG""}]"
UGE,FUT,396329067,UGE,,,VALUE,UGE INTERNATIONAL LTD,"[{""secType"": ""STK"", ""exchange"": ""VALUE;""}]"
UGE,IND,42808815,UGE,,,ARCA,PROSHARES ULTRA CONSUMER STA,"[{""secType"": ""STK""}, {""secType"": ""OPT"", ""months"": ""MAY26;JUN26;AUG26;NOV26"", ""exchange"": ""SMART;AMEX;BATS;BOX;CBOE;CBOE2;EDGX;GEMINI;IBUSOPT;NASDAQBX;NASDAQOM;PHLX;PSE""}, {""secType"": ""BAG""}]"
UGE,IND,396329067,UGE,,,VALUE,UGE INTERNATIONAL LTD,"[{""secType"": ""STK"", ""exchange"": ""VALUE;""}]"
UGE,OPT,42808815,UGE,,,ARCA,PROSHARES ULTRA CONSUMER STA,"[{""secType"": ""STK""}, {""secType"": ""OPT"", ""months"": ""MAY26;JUN26;AUG26;NOV26"", ""exchange"": ""SMART;AMEX;BATS;BOX;CBOE;CBOE2;EDGX;GEMINI;IBUSOPT;NASDAQBX;NASDAQOM;PHLX;PSE""}, {""secType"": ""BAG""}]"
UGE,OPT,396329067,UGE,,,VALUE,UGE INTERNATIONAL LTD,"[{""secType"": ""STK"", ""exchange"": ""VALUE;""}]"
UNE,FOP,832145907,UNE,,,FWB2,FIRST US BANCSHARES INC,"[{""secType"": ""STK"", ""exchange"": ""FWB2;""}]"
UNE,FOP,2147483647,,,,,,"[{""secType"": ""BOND""}]"
UNE,FUT,832145907,UNE,,,FWB2,FIRST US BANCSHARES INC,"[{""secType"": ""STK"", ""exchange"": ""FWB2;""}]"
UNE,FUT,2147483647,,,,,,"[{""secType"": ""BOND""}]"
UNE,IND,832145907,UNE,,,FWB2,FIRST US BANCSHARES INC,"[{""secType"": ""STK"", ""exchange"": ""FWB2;""}]"
UNE,IND,2147483647,,,,,,"[{""secType"": ""BOND""}]"
UNE,OPT,832145907,UNE,,,FWB2,FIRST US BANCSHARES INC,"[{""secType"": ""STK"", ""exchange"": ""FWB2;""}]"
UNE,OPT,2147483647,,,,,,"[{""secType"": ""BOND""}]"
URE,FOP,74262459,URE,,,ARCA,PROSHARES ULTRA REAL ESTATE,"[{""secType"": ""STK""}, {""secType"": ""OPT"", ""months"": ""MAY26;JUN26;SEP26;DEC26"", ""exchange"": ""SMART;AMEX;BATS;BOX;CBOE;CBOE2;EDGX;IBUSOPT;ISE;MEMX;MERCURY;NASDAQBX;NASDAQOM;PHLX;PSE""}, {""secType"": ""BAG""}]"
URE,FOP,37060554,URE,,,TSE,UR-ENERGY INC,"[{""secType"": ""STK""}]"
URE,FOP,9742165,URE,,,VALUE,UMWELTKONT.RENEW.ENERGY,"[{""secType"": ""STK"", ""exchange"": ""VALUE;""}]"
URE,FUT,74262459,URE,,,ARCA,PROSHARES ULTRA REAL ESTATE,"[{""secType"": ""STK""}, {""secType"": ""OPT"", ""months"": ""MAY26;JUN26;SEP26;DEC26"", ""exchange"": ""SMART;AMEX;BATS;BOX;CBOE;CBOE2;EDGX;IBUSOPT;ISE;MEMX;MERCURY;NASDAQBX;NASDAQOM;PHLX;PSE""}, {""secType"": ""BAG""}]"
URE,FUT,37060554,URE,,,TSE,UR-ENERGY INC,"[{""secType"": ""STK""}]"
URE,FUT,9742165,URE,,,VALUE,UMWELTKONT.RENEW.ENERGY,"[{""secType"": ""STK"", ""exchange"": ""VALUE;""}]"
URE,IND,74262459,URE,,,ARCA,PROSHARES ULTRA REAL ESTATE,"[{""secType"": ""STK""}, {""secType"": ""OPT"", ""months"": ""MAY26;JUN26;SEP26;DEC26"", ""exchange"": ""SMART;AMEX;BATS;BOX;CBOE;CBOE2;EDGX;IBUSOPT;ISE;MEMX;MERCURY;NASDAQBX;NASDAQOM;PHLX;PSE""}, {""secType"": ""BAG""}]"
URE,IND,37060554,URE,,,TSE,UR-ENERGY INC,"[{""secType"": ""STK""}]"
URE,IND,9742165,URE,,,VALUE,UMWELTKONT.RENEW.ENERGY,"[{""secType"": ""STK"", ""exchange"": ""VALUE;""}]"
URE,OPT,74262459,URE,,,ARCA,PROSHARES ULTRA REAL ESTATE,"[{""secType"": ""STK""}, {""secType"": ""OPT"", ""months"": ""MAY26;JUN26;SEP26;DEC26"", ""exchange"": ""SMART;AMEX;BATS;BOX;CBOE;CBOE2;EDGX;IBUSOPT;ISE;MEMX;MERCURY;NASDAQBX;NASDAQOM;PHLX;PSE""}, {""secType"": ""BAG""}]"
URE,OPT,37060554,URE,,,TSE,UR-ENERGY INC,"[{""secType"": ""STK""}]"
URE,OPT,9742165,URE,,,VALUE,UMWELTKONT.RENEW.ENERGY,"[{""secType"": ""STK"", ""exchange"": ""VALUE;""}]"
USEA,FOP,571281683,USEA,,,NASDAQ,UNITED MARITIME CORP,"[{""secType"": ""STK""}]"
USEA,FUT,571281683,USEA,,,NASDAQ,UNITED MARITIME CORP,"[{""secType"": ""STK""}]"
USEA,IND,571281683,USEA,,,NASDAQ,UNITED MARITIME CORP,"[{""secType"": ""STK""}]"
USEA,OPT,571281683,USEA,,,NASDAQ,UNITED MARITIME CORP,"[{""secType"": ""STK""}]"
USEB,FOP,780019651,USEB,,,EBS,ISHARES USD CB EA UCITS,"[{""secType"": ""STK""}]"
USEB,FUT,780019651,USEB,,,EBS,ISHARES USD CB EA UCITS,"[{""secType"": ""STK""}]"
USEB,IND,780019651,USEB,,,EBS,ISHARES USD CB EA UCITS,"[{""secType"": ""STK""}]"
USEB,OPT,780019651,USEB,,,EBS,ISHARES USD CB EA UCITS,"[{""secType"": ""STK""}]"
USEC,FOP,845619312,USEC,,,AEB,ISHARES USD CB EA UCITS,"[{""secType"": ""STK""}]"
USEC,FUT,845619312,USEC,,,AEB,ISHARES USD CB EA UCITS,"[{""secType"": ""STK""}]"
USEC,IND,845619312,USEC,,,AEB,ISHARES USD CB EA UCITS,"[{""secType"": ""STK""}]"
USEC,OPT,845619312,USEC,,,AEB,ISHARES USD CB EA UCITS,"[{""secType"": ""STK""}]"
USEE,FOP,732438786,USEE,,,EBS,ISHRES US EQ ENHANCE AC ETF,"[{""secType"": ""STK""}]"
USEE,FOP,719710567,USEE,,,IBIS2,ISHRES US EQ ENHANCE AC ETF,"[{""secType"": ""STK""}]"
USEE,FOP,719414767,USEE,,,LSEETF,ISHRES US EQ ENHANCE AC ETF,"[{""secType"": ""STK""}]"
USEE,FUT,732438786,USEE,,,EBS,ISHRES US EQ ENHANCE AC ETF,"[{""secType"": ""STK""}]"
USEE,FUT,719710567,USEE,,,IBIS2,ISHRES US EQ ENHANCE AC ETF,"[{""secType"": ""STK""}]"
USEE,FUT,719414767,USEE,,,LSEETF,ISHRES US EQ ENHANCE AC ETF,"[{""secType"": ""STK""}]"
USEE,IND,732438786,USEE,,,EBS,ISHRES US EQ ENHANCE AC ETF,"[{""secType"": ""STK""}]"
USEE,IND,719710567,USEE,,,IBIS2,ISHRES US EQ ENHANCE AC ETF,"[{""secType"": ""STK""}]"
USEE,IND,719414767,USEE,,,LSEETF,ISHRES US EQ ENHANCE AC ETF,"[{""secType"": ""STK""}]"
USEE,OPT,732438786,USEE,,,EBS,ISHRES US EQ ENHANCE AC ETF,"[{""secType"": ""STK""}]"
USEE,OPT,719710567,USEE,,,IBIS2,ISHRES US EQ ENHANCE AC ETF,"[{""secType"": ""STK""}]"
USEE,OPT,719414767,USEE,,,LSEETF,ISHRES US EQ ENHANCE AC ETF,"[{""secType"": ""STK""}]"
USE,FOP,629283467,USE,,,ARCA,USCF ENERGY CMDTY ABS RTN,"[{""secType"": ""STK""}]"
USE,FOP,4653797,USE,,,VALUE,EROTIK-ABWICKLUNGSGESELLSCHA,"[{""secType"": ""STK"", ""exchange"": ""VALUE;""}]"
USE,FUT,629283467,USE,,,ARCA,USCF ENERGY CMDTY ABS RTN,"[{""secType"": ""STK""}]"
USE,FUT,4653797,USE,,,VALUE,EROTIK-ABWICKLUNGSGESELLSCHA,"[{""secType"": ""STK"", ""exchange"": ""VALUE;""}]"
USE,IND,629283467,USE,,,ARCA,USCF ENERGY CMDTY ABS RTN,"[{""secType"": ""STK""}]"
USE,IND,4653797,USE,,,VALUE,EROTIK-ABWICKLUNGSGESELLSCHA,"[{""secType"": ""STK"", ""exchange"": ""VALUE;""}]"
USE,OPT,629283467,USE,,,ARCA,USCF ENERGY CMDTY ABS RTN,"[{""secType"": ""STK""}]"
USE,OPT,4653797,USE,,,VALUE,EROTIK-ABWICKLUNGSGESELLSCHA,"[{""secType"": ""STK"", ""exchange"": ""VALUE;""}]"
USEW,FOP,839174127,USEW,,,BATS,CAMBRIA US EW ETF,"[{""secType"": ""STK""}]"
USEW,FUT,839174127,USEW,,,BATS,CAMBRIA US EW ETF,"[{""secType"": ""STK""}]"
USEW,IND,839174127,USEW,,,BATS,CAMBRIA US EW ETF,"[{""secType"": ""STK""}]"
USEW,OPT,839174127,USEW,,,BATS,CAMBRIA US EW ETF,"[{""secType"": ""STK""}]"
USMC,FOP,292179090,USMC,,,NASDAQ,PRINCIPAL US MEGA-CAP ETF,"[{""secType"": ""STK""}, {""secType"": ""OPT"", ""months"": ""MAY26;JUN26;SEP26;DEC26"", ""exchange"": ""SMART;BATS;CBOE;CBOE2;EDGX;IBUSOPT""}, {""secType"": ""CFD"", ""exchange"": ""SMART"", ""conid"": ""519070544""}, {""secType"": ""BAG""}]"
USMC,FOP,782964187,USMC,,,EBS,FRANKLIN US MEGA CAP ETF,"[{""secType"": ""STK""}]"
USMC,FUT,292179090,USMC,,,NASDAQ,PRINCIPAL US MEGA-CAP ETF,"[{""secType"": ""STK""}, {""secType"": ""OPT"", ""months"": ""MAY26;JUN26;SEP26;DEC26"", ""exchange"": ""SMART;BATS;CBOE;CBOE2;EDGX;IBUSOPT""}, {""secType"": ""CFD"", ""exchange"": ""SMART"", ""conid"": ""519070544""}, {""secType"": ""BAG""}]"
USMC,FUT,782964187,USMC,,,EBS,FRANKLIN US MEGA CAP ETF,"[{""secType"": ""STK""}]"
USMC,IND,292179090,USMC,,,NASDAQ,PRINCIPAL US MEGA-CAP ETF,"[{""secType"": ""STK""}, {""secType"": ""OPT"", ""months"": ""MAY26;JUN26;SEP26;DEC26"", ""exchange"": ""SMART;BATS;CBOE;CBOE2;EDGX;IBUSOPT""}, {""secType"": ""CFD"", ""exchange"": ""SMART"", ""conid"": ""519070544""}, {""secType"": ""BAG""}]"
USMC,IND,782964187,USMC,,,EBS,FRANKLIN US MEGA CAP ETF,"[{""secType"": ""STK""}]"
USMC,OPT,292179090,USMC,,,NASDAQ,PRINCIPAL US MEGA-CAP ETF,"[{""secType"": ""STK""}, {""secType"": ""OPT"", ""months"": ""MAY26;JUN26;SEP26;DEC26"", ""exchange"": ""SMART;BATS;CBOE;CBOE2;EDGX;IBUSOPT""}, {""secType"": ""CFD"", ""exchange"": ""SMART"", ""conid"": ""519070544""}, {""secType"": ""BAG""}]"
USMC,OPT,782964187,USMC,,,EBS,FRANKLIN US MEGA CAP ETF,"[{""secType"": ""STK""}]"
USMD,FOP,849154027,USMD,,,ARCA,COREVALUES AMER F TECH ETF,"[{""secType"": ""STK""}]"
USMD,FUT,849154027,USMD,,,ARCA,COREVALUES AMER F TECH ETF,"[{""secType"": ""STK""}]"
USMD,IND,849154027,USMD,,,ARCA,COREVALUES AMER F TECH ETF,"[{""secType"": ""STK""}]"
USMD,OPT,849154027,USMD,,,ARCA,COREVALUES AMER F TECH ETF,"[{""secType"": ""STK""}]"
USM,FOP,868124699,USM,,,ASX,UNION STAR METALS LTD,"[{""secType"": ""STK""}]"
USM,FOP,2147483647,,,,,,"[{""secType"": ""BOND""}]"
USM,FUT,868124699,USM,,,ASX,UNION STAR METALS LTD,"[{""secType"": ""STK""}]"
USM,FUT,2147483647,,,,,,"[{""secType"": ""BOND""}]"
USM,IND,868124699,USM,,,ASX,UNION STAR METALS LTD,"[{""secType"": ""STK""}]"
USM,IND,2147483647,,,,,,"[{""secType"": ""BOND""}]"
USM,OPT,868124699,USM,,,ASX,UNION STAR METALS LTD,"[{""secType"": ""STK""}]"
USM,OPT,2147483647,,,,,,"[{""secType"": ""BOND""}]"
USMT,FOP,416034474,USMT,,,PINK,US METRO BANCORP,"[{""secType"": ""STK""}]"
USMT,FOP,2147483647,,,,,,"[{""secType"": ""BOND""}]"
USMT,FUT,416034474,USMT,,,PINK,US METRO BANCORP,"[{""secType"": ""STK""}]"
USMT,FUT,2147483647,,,,,,"[{""secType"": ""BOND""}]"
USMT,IND,416034474,USMT,,,PINK,US METRO BANCORP,"[{""secType"": ""STK""}]"
USMT,IND,2147483647,,,,,,"[{""secType"": ""BOND""}]"
USMT,OPT,416034474,USMT,,,PINK,US METRO BANCORP,"[{""secType"": ""STK""}]"
USMT,OPT,2147483647,,,,,,"[{""secType"": ""BOND""}]"
ECH,FOP,47202521,ECH,,,BATS,ISHARES MSCI CHILE ETF,"[{""secType"": ""STK""}, {""secType"": ""OPT"", ""months"": ""MAY26;JUN26;AUG26;OCT26;NOV26"", ""exchange"": ""SMART;AMEX;BATS;BOX;CBOE;CBOE2;EDGX;EMERALD;IBUSOPT;ISE;MERCURY;MIAX;PEARL;PHLX;SAPPHIRE""}, {""secType"": ""CFD"", ""exchange"": ""SMART"", ""conid"": ""134771789""}, {""secType"": ""BAG""}]"
ECH,FOP,268960311,ECH,,,WSE,ECHO INVESTMENT S.A.,"[{""secType"": ""STK"", ""exchange"": ""WSE;""}]"
ECH,FOP,447262512,ECH,,,ASX,ECHELON RESOURCES LTD,"[{""secType"": ""STK""}]"
ECH,FOP,2147483647,,,,,,"[{""secType"": ""BOND""}]"
ECH,FUT,47202521,ECH,,,BATS,ISHARES MSCI CHILE ETF,"[{""secType"": ""STK""}, {""secType"": ""OPT"", ""months"": ""MAY26;JUN26;AUG26;OCT26;NOV26"", ""exchange"": ""SMART;AMEX;BATS;BOX;CBOE;CBOE2;EDGX;EMERALD;IBUSOPT;ISE;MERCURY;MIAX;PEARL;PHLX;SAPPHIRE""}, {""secType"": ""CFD"", ""exchange"": ""SMART"", ""conid"": ""134771789""}, {""secType"": ""BAG""}]"
ECH,FUT,268960311,ECH,,,WSE,ECHO INVESTMENT S.A.,"[{""secType"": ""STK"", ""exchange"": ""WSE;""}]"
ECH,FUT,447262512,ECH,,,ASX,ECHELON RESOURCES LTD,"[{""secType"": ""STK""}]"
ECH,FUT,2147483647,,,,,,"[{""secType"": ""BOND""}]"
ECH,IND,47202521,ECH,,,BATS,ISHARES MSCI CHILE ETF,"[{""secType"": ""STK""}, {""secType"": ""OPT"", ""months"": ""MAY26;JUN26;AUG26;OCT26;NOV26"", ""exchange"": ""SMART;AMEX;BATS;BOX;CBOE;CBOE2;EDGX;EMERALD;IBUSOPT;ISE;MERCURY;MIAX;PEARL;PHLX;SAPPHIRE""}, {""secType"": ""CFD"", ""exchange"": ""SMART"", ""conid"": ""134771789""}, {""secType"": ""BAG""}]"
ECH,IND,268960311,ECH,,,WSE,ECHO INVESTMENT S.A.,"[{""secType"": ""STK"", ""exchange"": ""WSE;""}]"
ECH,IND,447262512,ECH,,,ASX,ECHELON RESOURCES LTD,"[{""secType"": ""STK""}]"
ECH,IND,2147483647,,,,,,"[{""secType"": ""BOND""}]"
ECH,OPT,47202521,ECH,,,BATS,ISHARES MSCI CHILE ETF,"[{""secType"": ""STK""}, {""secType"": ""OPT"", ""months"": ""MAY26;JUN26;AUG26;OCT26;NOV26"", ""exchange"": ""SMART;AMEX;BATS;BOX;CBOE;CBOE2;EDGX;EMERALD;IBUSOPT;ISE;MERCURY;MIAX;PEARL;PHLX;SAPPHIRE""}, {""secType"": ""CFD"", ""exchange"": ""SMART"", ""conid"": ""134771789""}, {""secType"": ""BAG""}]"
ECH,OPT,268960311,ECH,,,WSE,ECHO INVESTMENT S.A.,"[{""secType"": ""STK"", ""exchange"": ""WSE;""}]"
ECH,OPT,447262512,ECH,,,ASX,ECHELON RESOURCES LTD,"[{""secType"": ""STK""}]"
ECH,OPT,2147483647,,,,,,"[{""secType"": ""BOND""}]"
